Serial Number,Model Number,Manufacturer Name
,MODEL NUMBER:SCGSNI-TS,
,,
SERIALNUMBER:94332174,MODELNUMBER PV83WC-TB,
SERIAL NO.Q062007477,MODEL NO.65SVP15S,
,MODELE,
,MODEL/MODELE:LTCS24223S/09,
,MODEL/MODELE,
SERIAL N0.17103N6M4F,,
,Model,
SERIALNo.LHBC 02345,MODEL No.MR09C1F,
SERIAL NO.5076 G0994 3554,MODEL NO.RAMA-060JAZ,
Serial No.:480138030002B,Model No.:,
SERIALNO.T M3399 04102,UNITS WITH  IN LAST DIGIT OF MODEL NO. MEETS FLORIDA INSULATION REQUIREMENTS.,
SERIALNo.LHBC 02345,MODEL No.MR09C1F,
Serial No.:480138030002B,Model No.:,
SERIAL:T130302845,UNDERSCORED IN THE COIL MODEL NUMBER.,
,MODEL:,MADE BY SAMSUNG
SERIAL NUMBER,,
Serial No./No de Serie: 4A00203499,NSF/ANSIStandard 372 in models,
Serial No./No de Serie: 4A00203499,NSF/ANSIStandard 372 in models,
(s) Serial No.0xoxxxXX,Assembled in China Model A1387,
,MODEL:,MADE BY SAMSUNG
SERIAL/EN SERIE:,MODEL/MODELE:RCF3617STAMCA,
SERIAL NO.,MODEL NO.,
(s) Serial No.0xoxxxXX,Assembled in China Model A1387,
